timestep,producer,FILES
0.0,cview_0,RenderView2/0.0.png
0.0,cview_0,RenderView1/0.0.png
0.000100073739304,cview_0,RenderView2/0.000100073739304.png
0.000100073739304,cview_0,RenderView1/0.000100073739304.png
0.000199905101908,cview_0,RenderView2/0.000199905101908.png
0.000199905101908,cview_0,RenderView1/0.000199905101908.png
0.000299964391161,cview_0,RenderView2/0.000299964391161.png
0.000299964391161,cview_0,RenderView1/0.000299964391161.png
0.000400086544687,cview_0,RenderView2/0.000400086544687.png
0.000400086544687,cview_0,RenderView1/0.000400086544687.png
0.000499919231515,cview_0,RenderView2/0.000499919231515.png
0.000499919231515,cview_0,RenderView1/0.000499919231515.png
0.000599935126957,cview_0,RenderView2/0.000599935126957.png
0.000599935126957,cview_0,RenderView1/0.000599935126957.png
0.000700049218722,cview_0,RenderView2/0.000700049218722.png
0.000700049218722,cview_0,RenderView1/0.000700049218722.png
0.000800035253633,cview_0,RenderView2/0.000800035253633.png
0.000800035253633,cview_0,RenderView1/0.000800035253633.png
0.00090006069513,cview_0,RenderView2/0.00090006069513.png
0.00090006069513,cview_0,RenderView1/0.00090006069513.png
0.00100000598468,cview_0,RenderView2/0.00100000598468.png
0.00100000598468,cview_0,RenderView1/0.00100000598468.png
0.00109998101834,cview_0,RenderView2/0.00109998101834.png
0.00109998101834,cview_0,RenderView1/0.00109998101834.png
0.00119993311819,cview_0,RenderView2/0.00119993311819.png
0.00119993311819,cview_0,RenderView1/0.00119993311819.png
0.00129998673219,cview_0,RenderView2/0.00129998673219.png
0.00129998673219,cview_0,RenderView1/0.00129998673219.png
0.00140009319875,cview_0,RenderView2/0.00140009319875.png
0.00140009319875,cview_0,RenderView1/0.00140009319875.png
0.00150004134048,cview_0,RenderView2/0.00150004134048.png
0.00150004134048,cview_0,RenderView1/0.00150004134048.png
0.0015999188181,cview_0,RenderView2/0.0015999188181.png
0.0015999188181,cview_0,RenderView1/0.0015999188181.png
0.00169999850914,cview_0,RenderView2/0.00169999850914.png
0.00169999850914,cview_0,RenderView1/0.00169999850914.png
0.00180007342715,cview_0,RenderView2/0.00180007342715.png
0.00180007342715,cview_0,RenderView1/0.00180007342715.png
0.00190002250019,cview_0,RenderView2/0.00190002250019.png
0.00190002250019,cview_0,RenderView1/0.00190002250019.png
0.00199998565949,cview_0,RenderView2/0.00199998565949.png
0.00199998565949,cview_0,RenderView1/0.00199998565949.png
0.0020999298431,cview_0,RenderView2/0.0020999298431.png
0.0020999298431,cview_0,RenderView1/0.0020999298431.png
0.00219992105849,cview_0,RenderView2/0.00219992105849.png
0.00219992105849,cview_0,RenderView1/0.00219992105849.png
0.00229999283329,cview_0,RenderView2/0.00229999283329.png
0.00229999283329,cview_0,RenderView1/0.00229999283329.png
0.00240005389787,cview_0,RenderView2/0.00240005389787.png
0.00240005389787,cview_0,RenderView1/0.00240005389787.png
0.00249994290061,cview_0,RenderView2/0.00249994290061.png
0.00249994290061,cview_0,RenderView1/0.00249994290061.png
0.00259992131032,cview_0,RenderView2/0.00259992131032.png
0.00259992131032,cview_0,RenderView1/0.00259992131032.png
0.00269998027943,cview_0,RenderView2/0.00269998027943.png
0.00269998027943,cview_0,RenderView1/0.00269998027943.png
0.00279999966733,cview_0,RenderView2/0.00279999966733.png
0.00279999966733,cview_0,RenderView1/0.00279999966733.png
0.00289991078898,cview_0,RenderView2/0.00289991078898.png
0.00289991078898,cview_0,RenderView1/0.00289991078898.png
0.00300002051517,cview_0,RenderView2/0.00300002051517.png
0.00300002051517,cview_0,RenderView1/0.00300002051517.png
0.00309997936711,cview_0,RenderView2/0.00309997936711.png
0.00309997936711,cview_0,RenderView1/0.00309997936711.png
0.00319999479689,cview_0,RenderView2/0.00319999479689.png
0.00319999479689,cview_0,RenderView1/0.00319999479689.png
0.00329994247295,cview_0,RenderView2/0.00329994247295.png
0.00329994247295,cview_0,RenderView1/0.00329994247295.png
0.00340002309531,cview_0,RenderView2/0.00340002309531.png
0.00340002309531,cview_0,RenderView1/0.00340002309531.png
0.00349996844307,cview_0,RenderView2/0.00349996844307.png
0.00349996844307,cview_0,RenderView1/0.00349996844307.png
0.00359999225475,cview_0,RenderView2/0.00359999225475.png
0.00359999225475,cview_0,RenderView1/0.00359999225475.png
0.00369996228255,cview_0,RenderView2/0.00369996228255.png
0.00369996228255,cview_0,RenderView1/0.00369996228255.png
0.00379998679273,cview_0,RenderView2/0.00379998679273.png
0.00379998679273,cview_0,RenderView1/0.00379998679273.png
0.00389998196624,cview_0,RenderView2/0.00389998196624.png
0.00389998196624,cview_0,RenderView1/0.00389998196624.png
0.00399998575449,cview_0,RenderView2/0.00399998575449.png
0.00399998575449,cview_0,RenderView1/0.00399998575449.png
0.00410001119599,cview_0,RenderView2/0.00410001119599.png
0.00410001119599,cview_0,RenderView1/0.00410001119599.png
0.00419997423887,cview_0,RenderView2/0.00419997423887.png
0.00419997423887,cview_0,RenderView1/0.00419997423887.png
